{
  "6283856347231@s.whatsapp.net": {
    "fitur": {
      "antilink": false,
      "antilinkv2": false,
      "antilinkwa": false,
      "antilinkwav2": false,
      "badword": false,
      "antidelete": false,
      "antiedit": false,
      "antigame": false,
      "antifoto": false,
      "antivideo": false,
      "antiaudio": false,
      "antidocument": false,
      "antikontak": false,
      "antisticker": false,
      "antipolling": false,
      "antispamchat": false,
      "antivirtex": false,
      "antiviewonce": false,
      "autoai": false,
      "autosimi": false,
      "autorusuh": false,
      "welcome": false,
      "left": false,
      "promote": false,
      "demote": false,
      "onlyadmin": false,
      "mute": false,
      "detectblacklist": false,
      "waktusholat": false,
      "antibot": false,
      "antitagsw": false,
      "antitagsw2": false,
      "antitagmeta": false,
      "antitagmeta2": false
    },
    "userBlock": [],
    "createdAt": "2025-08-03T12:24:23.296Z",
    "updatedAt": "2025-08-03T12:24:23.296Z"
  },
  "120363421105445659@g.us": {
    "fitur": {
      "antilink": false,
      "antilinkv2": false,
      "antilinkwa": true,
      "antilinkwav2": false,
      "badword": false,
      "antidelete": false,
      "antiedit": false,
      "antigame": false,
      "antifoto": false,
      "antivideo": true,
      "antiaudio": false,
      "antidocument": false,
      "antikontak": false,
      "antisticker": false,
      "antipolling": false,
      "antispamchat": false,
      "antivirtex": false,
      "antiviewonce": false,
      "autoai": false,
      "autosimi": false,
      "autorusuh": false,
      "welcome": true,
      "left": false,
      "promote": false,
      "demote": false,
      "onlyadmin": false,
      "mute": false,
      "detectblacklist": false,
      "waktusholat": true,
      "antibot": false,
      "antitagsw": false,
      "antitagsw2": false,
      "antitagmeta": false,
      "antitagmeta2": false
    },
    "userBlock": [],
    "createdAt": "2025-08-03T12:25:15.769Z",
    "updatedAt": "2025-08-10T10:07:37.921Z"
  },
  "6285791738027@s.whatsapp.net": {
    "fitur": {
      "antilink": false,
      "antilinkv2": false,
      "antilinkwa": false,
      "antilinkwav2": false,
      "badword": false,
      "antidelete": false,
      "antiedit": false,
      "antigame": false,
      "antifoto": false,
      "antivideo": false,
      "antiaudio": false,
      "antidocument": false,
      "antikontak": false,
      "antisticker": false,
      "antipolling": false,
      "antispamchat": false,
      "antivirtex": false,
      "antiviewonce": false,
      "autoai": false,
      "autosimi": false,
      "autorusuh": false,
      "welcome": false,
      "left": false,
      "promote": false,
      "demote": false,
      "onlyadmin": false,
      "mute": false,
      "detectblacklist": false,
      "waktusholat": false,
      "antibot": false,
      "antitagsw": false,
      "antitagsw2": false,
      "antitagmeta": false,
      "antitagmeta2": false
    },
    "userBlock": [],
    "createdAt": "2025-08-03T12:25:40.433Z",
    "updatedAt": "2025-08-03T12:25:40.433Z"
  },
  "120363419608938527@g.us": {
    "fitur": {
      "antilink": true,
      "antilinkv2": false,
      "antilinkwa": false,
      "antilinkwav2": true,
      "badword": false,
      "antidelete": false,
      "antiedit": false,
      "antigame": true,
      "antifoto": false,
      "antivideo": true,
      "antiaudio": false,
      "antidocument": false,
      "antikontak": false,
      "antisticker": false,
      "antipolling": false,
      "antispamchat": true,
      "antivirtex": true,
      "antiviewonce": false,
      "autoai": false,
      "autosimi": false,
      "autorusuh": false,
      "welcome": true,
      "left": false,
      "promote": false,
      "demote": false,
      "onlyadmin": false,
      "mute": false,
      "detectblacklist": false,
      "waktusholat": true,
      "antibot": true,
      "antitagsw": true,
      "antitagsw2": false,
      "antitagmeta": false,
      "antitagmeta2": false,
      "antilinkchv2": false,
      "badwordv3": false,
      "antiforward2": false,
      "antihidetag": false,
      "antilinkch": true
    },
    "userBlock": [],
    "createdAt": "2025-08-03T12:28:44.408Z",
    "updatedAt": "2025-08-10T11:58:52.821Z"
  },
  "status@broadcast": {
    "fitur": {
      "antilink": false,
      "antilinkv2": false,
      "antilinkwa": false,
      "antilinkwav2": false,
      "badword": false,
      "antidelete": false,
      "antiedit": false,
      "antigame": false,
      "antifoto": false,
      "antivideo": false,
      "antiaudio": false,
      "antidocument": false,
      "antikontak": false,
      "antisticker": false,
      "antipolling": false,
      "antispamchat": false,
      "antivirtex": false,
      "antiviewonce": false,
      "autoai": false,
      "autosimi": false,
      "autorusuh": false,
      "welcome": false,
      "left": false,
      "promote": false,
      "demote": false,
      "onlyadmin": false,
      "mute": false,
      "detectblacklist": false,
      "waktusholat": false,
      "antibot": false,
      "antitagsw": false,
      "antitagsw2": false,
      "antitagmeta": false,
      "antitagmeta2": false
    },
    "userBlock": [],
    "createdAt": "2025-08-03T23:36:06.383Z",
    "updatedAt": "2025-08-03T23:36:06.383Z"
  },
  "120363344435848032@newsletter": {
    "fitur": {
      "antilink": false,
      "antilinkv2": false,
      "antilinkwa": false,
      "antilinkwav2": false,
      "badword": false,
      "antidelete": false,
      "antiedit": false,
      "antigame": false,
      "antifoto": false,
      "antivideo": false,
      "antiaudio": false,
      "antidocument": false,
      "antikontak": false,
      "antisticker": false,
      "antipolling": false,
      "antispamchat": false,
      "antivirtex": false,
      "antiviewonce": false,
      "autoai": false,
      "autosimi": false,
      "autorusuh": false,
      "welcome": false,
      "left": false,
      "promote": false,
      "demote": false,
      "onlyadmin": false,
      "mute": false,
      "detectblacklist": false,
      "waktusholat": false,
      "antibot": false,
      "antitagsw": false,
      "antitagsw2": false,
      "antitagmeta": false,
      "antitagmeta2": false
    },
    "userBlock": [],
    "createdAt": "2025-08-04T06:09:49.390Z",
    "updatedAt": "2025-08-04T06:09:49.390Z"
  },
  "120363419250147303@newsletter": {
    "fitur": {
      "antilink": false,
      "antilinkv2": false,
      "antilinkwa": false,
      "antilinkwav2": false,
      "badword": false,
      "antidelete": false,
      "antiedit": false,
      "antigame": false,
      "antifoto": false,
      "antivideo": false,
      "antiaudio": false,
      "antidocument": false,
      "antikontak": false,
      "antisticker": false,
      "antipolling": false,
      "antispamchat": false,
      "antivirtex": false,
      "antiviewonce": false,
      "autoai": false,
      "autosimi": false,
      "autorusuh": false,
      "welcome": false,
      "left": false,
      "promote": false,
      "demote": false,
      "onlyadmin": false,
      "mute": false,
      "detectblacklist": false,
      "waktusholat": false,
      "antibot": false,
      "antitagsw": false,
      "antitagsw2": false,
      "antitagmeta": false,
      "antitagmeta2": false
    },
    "userBlock": [],
    "createdAt": "2025-08-04T06:28:16.035Z",
    "updatedAt": "2025-08-04T06:28:16.035Z"
  },
  "923457653499@s.whatsapp.net": {
    "fitur": {
      "antilink": false,
      "antilinkv2": false,
      "antilinkwa": false,
      "antilinkwav2": false,
      "badword": false,
      "antidelete": false,
      "antiedit": false,
      "antigame": false,
      "antifoto": false,
      "antivideo": false,
      "antiaudio": false,
      "antidocument": false,
      "antikontak": false,
      "antisticker": false,
      "antipolling": false,
      "antispamchat": false,
      "antivirtex": false,
      "antiviewonce": false,
      "autoai": false,
      "autosimi": false,
      "autorusuh": false,
      "welcome": false,
      "left": false,
      "promote": false,
      "demote": false,
      "onlyadmin": false,
      "mute": false,
      "detectblacklist": false,
      "waktusholat": false,
      "antibot": false,
      "antitagsw": false,
      "antitagsw2": false,
      "antitagmeta": false,
      "antitagmeta2": false
    },
    "userBlock": [],
    "createdAt": "2025-08-04T07:28:39.780Z",
    "updatedAt": "2025-08-04T07:28:39.780Z"
  },
  "923184666300@s.whatsapp.net": {
    "fitur": {
      "antilink": false,
      "antilinkv2": false,
      "antilinkwa": false,
      "antilinkwav2": false,
      "badword": false,
      "antidelete": false,
      "antiedit": false,
      "antigame": false,
      "antifoto": false,
      "antivideo": false,
      "antiaudio": false,
      "antidocument": false,
      "antikontak": false,
      "antisticker": false,
      "antipolling": false,
      "antispamchat": false,
      "antivirtex": false,
      "antiviewonce": false,
      "autoai": false,
      "autosimi": false,
      "autorusuh": false,
      "welcome": false,
      "left": false,
      "promote": false,
      "demote": false,
      "onlyadmin": false,
      "mute": false,
      "detectblacklist": false,
      "waktusholat": false,
      "antibot": false,
      "antitagsw": false,
      "antitagsw2": false,
      "antitagmeta": false,
      "antitagmeta2": false
    },
    "userBlock": [],
    "createdAt": "2025-08-04T15:25:34.057Z",
    "updatedAt": "2025-08-04T15:25:34.057Z"
  },
  "6289521973862@s.whatsapp.net": {
    "fitur": {
      "antilink": false,
      "antilinkv2": false,
      "antilinkwa": false,
      "antilinkwav2": false,
      "badword": false,
      "antidelete": false,
      "antiedit": false,
      "antigame": false,
      "antifoto": false,
      "antivideo": false,
      "antiaudio": false,
      "antidocument": false,
      "antikontak": false,
      "antisticker": false,
      "antipolling": false,
      "antispamchat": false,
      "antivirtex": false,
      "antiviewonce": false,
      "autoai": false,
      "autosimi": false,
      "autorusuh": false,
      "welcome": false,
      "left": false,
      "promote": false,
      "demote": false,
      "onlyadmin": false,
      "mute": false,
      "detectblacklist": false,
      "waktusholat": false,
      "antibot": false,
      "antitagsw": false,
      "antitagsw2": false,
      "antitagmeta": false,
      "antitagmeta2": false
    },
    "userBlock": [],
    "createdAt": "2025-08-04T18:03:12.068Z",
    "updatedAt": "2025-08-04T18:03:12.068Z"
  },
  "923112560276@s.whatsapp.net": {
    "fitur": {
      "antilink": false,
      "antilinkv2": false,
      "antilinkwa": false,
      "antilinkwav2": false,
      "badword": false,
      "antidelete": false,
      "antiedit": false,
      "antigame": false,
      "antifoto": false,
      "antivideo": false,
      "antiaudio": false,
      "antidocument": false,
      "antikontak": false,
      "antisticker": false,
      "antipolling": false,
      "antispamchat": false,
      "antivirtex": false,
      "antiviewonce": false,
      "autoai": false,
      "autosimi": false,
      "autorusuh": false,
      "welcome": false,
      "left": false,
      "promote": false,
      "demote": false,
      "onlyadmin": false,
      "mute": false,
      "detectblacklist": false,
      "waktusholat": false,
      "antibot": false,
      "antitagsw": false,
      "antitagsw2": false,
      "antitagmeta": false,
      "antitagmeta2": false
    },
    "userBlock": [],
    "createdAt": "2025-08-05T13:52:17.268Z",
    "updatedAt": "2025-08-05T13:52:17.268Z"
  },
  "93784947036@s.whatsapp.net": {
    "fitur": {
      "antilink": false,
      "antilinkv2": false,
      "antilinkwa": false,
      "antilinkwav2": false,
      "badword": false,
      "antidelete": false,
      "antiedit": false,
      "antigame": false,
      "antifoto": false,
      "antivideo": false,
      "antiaudio": false,
      "antidocument": false,
      "antikontak": false,
      "antisticker": false,
      "antipolling": false,
      "antispamchat": false,
      "antivirtex": false,
      "antiviewonce": false,
      "autoai": false,
      "autosimi": false,
      "autorusuh": false,
      "welcome": false,
      "left": false,
      "promote": false,
      "demote": false,
      "onlyadmin": false,
      "mute": false,
      "detectblacklist": false,
      "waktusholat": false,
      "antibot": false,
      "antitagsw": false,
      "antitagsw2": false,
      "antitagmeta": false,
      "antitagmeta2": false
    },
    "userBlock": [],
    "createdAt": "2025-08-06T13:32:59.792Z",
    "updatedAt": "2025-08-06T13:32:59.792Z"
  },
  "917076155812@s.whatsapp.net": {
    "fitur": {
      "antilink": false,
      "antilinkv2": false,
      "antilinkwa": false,
      "antilinkwav2": false,
      "badword": false,
      "antidelete": false,
      "antiedit": false,
      "antigame": false,
      "antifoto": false,
      "antivideo": false,
      "antiaudio": false,
      "antidocument": false,
      "antikontak": false,
      "antisticker": false,
      "antipolling": false,
      "antispamchat": false,
      "antivirtex": false,
      "antiviewonce": false,
      "autoai": false,
      "autosimi": false,
      "autorusuh": false,
      "welcome": false,
      "left": false,
      "promote": false,
      "demote": false,
      "onlyadmin": false,
      "mute": false,
      "detectblacklist": false,
      "waktusholat": false,
      "antibot": false,
      "antitagsw": false,
      "antitagsw2": false,
      "antitagmeta": false,
      "antitagmeta2": false
    },
    "userBlock": [],
    "createdAt": "2025-08-07T06:24:00.884Z",
    "updatedAt": "2025-08-07T06:24:00.884Z"
  },
  "393202461011@s.whatsapp.net": {
    "fitur": {
      "antilink": false,
      "antilinkv2": false,
      "antilinkwa": false,
      "antilinkwav2": false,
      "badword": false,
      "antidelete": false,
      "antiedit": false,
      "antigame": false,
      "antifoto": false,
      "antivideo": false,
      "antiaudio": false,
      "antidocument": false,
      "antikontak": false,
      "antisticker": false,
      "antipolling": false,
      "antispamchat": false,
      "antivirtex": false,
      "antiviewonce": false,
      "autoai": false,
      "autosimi": false,
      "autorusuh": false,
      "welcome": false,
      "left": false,
      "promote": false,
      "demote": false,
      "onlyadmin": false,
      "mute": false,
      "detectblacklist": false,
      "waktusholat": false,
      "antibot": false,
      "antitagsw": false,
      "antitagsw2": false,
      "antitagmeta": false,
      "antitagmeta2": false
    },
    "userBlock": [],
    "createdAt": "2025-08-08T00:33:11.128Z",
    "updatedAt": "2025-08-08T00:33:11.128Z"
  },
  "60184037821@s.whatsapp.net": {
    "fitur": {
      "antilink": false,
      "antilinkv2": false,
      "antilinkwa": false,
      "antilinkwav2": false,
      "badword": false,
      "antidelete": false,
      "antiedit": false,
      "antigame": false,
      "antifoto": false,
      "antivideo": false,
      "antiaudio": false,
      "antidocument": false,
      "antikontak": false,
      "antisticker": false,
      "antipolling": false,
      "antispamchat": false,
      "antivirtex": false,
      "antiviewonce": false,
      "autoai": false,
      "autosimi": false,
      "autorusuh": false,
      "welcome": false,
      "left": false,
      "promote": false,
      "demote": false,
      "onlyadmin": false,
      "mute": false,
      "detectblacklist": false,
      "waktusholat": false,
      "antibot": false,
      "antitagsw": false,
      "antitagsw2": false,
      "antitagmeta": false,
      "antitagmeta2": false
    },
    "userBlock": [],
    "createdAt": "2025-08-08T04:45:16.194Z",
    "updatedAt": "2025-08-08T04:45:16.194Z"
  },
  "917352391671@s.whatsapp.net": {
    "fitur": {
      "antilink": false,
      "antilinkv2": false,
      "antilinkwa": false,
      "antilinkwav2": false,
      "badword": false,
      "antidelete": false,
      "antiedit": false,
      "antigame": false,
      "antifoto": false,
      "antivideo": false,
      "antiaudio": false,
      "antidocument": false,
      "antikontak": false,
      "antisticker": false,
      "antipolling": false,
      "antispamchat": false,
      "antivirtex": false,
      "antiviewonce": false,
      "autoai": false,
      "autosimi": false,
      "autorusuh": false,
      "welcome": false,
      "left": false,
      "promote": false,
      "demote": false,
      "onlyadmin": false,
      "mute": false,
      "detectblacklist": false,
      "waktusholat": false,
      "antibot": false,
      "antitagsw": false,
      "antitagsw2": false,
      "antitagmeta": false,
      "antitagmeta2": false
    },
    "userBlock": [],
    "createdAt": "2025-08-08T11:32:04.756Z",
    "updatedAt": "2025-08-08T11:32:04.756Z"
  },
  "120363400261782917@g.us": {
    "fitur": {
      "antilink": false,
      "antilinkv2": false,
      "antilinkwa": false,
      "antilinkwav2": false,
      "badword": false,
      "antidelete": false,
      "antiedit": false,
      "antigame": false,
      "antifoto": false,
      "antivideo": false,
      "antiaudio": false,
      "antidocument": false,
      "antikontak": false,
      "antisticker": false,
      "antipolling": false,
      "antispamchat": false,
      "antivirtex": false,
      "antiviewonce": false,
      "autoai": false,
      "autosimi": false,
      "autorusuh": false,
      "welcome": false,
      "left": false,
      "promote": false,
      "demote": false,
      "onlyadmin": false,
      "mute": false,
      "detectblacklist": false,
      "waktusholat": false,
      "antibot": false,
      "antitagsw": false,
      "antitagsw2": false,
      "antitagmeta": false,
      "antitagmeta2": false
    },
    "userBlock": [],
    "createdAt": "2025-08-08T13:28:09.069Z",
    "updatedAt": "2025-08-08T13:28:09.069Z"
  },
  "923156864074@s.whatsapp.net": {
    "fitur": {
      "antilink": false,
      "antilinkv2": false,
      "antilinkwa": false,
      "antilinkwav2": false,
      "badword": false,
      "antidelete": false,
      "antiedit": false,
      "antigame": false,
      "antifoto": false,
      "antivideo": false,
      "antiaudio": false,
      "antidocument": false,
      "antikontak": false,
      "antisticker": false,
      "antipolling": false,
      "antispamchat": false,
      "antivirtex": false,
      "antiviewonce": false,
      "autoai": false,
      "autosimi": false,
      "autorusuh": false,
      "welcome": false,
      "left": false,
      "promote": false,
      "demote": false,
      "onlyadmin": false,
      "mute": false,
      "detectblacklist": false,
      "waktusholat": false,
      "antibot": false,
      "antitagsw": false,
      "antitagsw2": false,
      "antitagmeta": false,
      "antitagmeta2": false
    },
    "userBlock": [],
    "createdAt": "2025-08-08T14:00:32.895Z",
    "updatedAt": "2025-08-08T14:00:32.895Z"
  },
  "255676757960@s.whatsapp.net": {
    "fitur": {
      "antilink": false,
      "antilinkv2": false,
      "antilinkwa": false,
      "antilinkwav2": false,
      "badword": false,
      "antidelete": false,
      "antiedit": false,
      "antigame": false,
      "antifoto": false,
      "antivideo": false,
      "antiaudio": false,
      "antidocument": false,
      "antikontak": false,
      "antisticker": false,
      "antipolling": false,
      "antispamchat": false,
      "antivirtex": false,
      "antiviewonce": false,
      "autoai": false,
      "autosimi": false,
      "autorusuh": false,
      "welcome": false,
      "left": false,
      "promote": false,
      "demote": false,
      "onlyadmin": false,
      "mute": false,
      "detectblacklist": false,
      "waktusholat": false,
      "antibot": false,
      "antitagsw": false,
      "antitagsw2": false,
      "antitagmeta": false,
      "antitagmeta2": false
    },
    "userBlock": [],
    "createdAt": "2025-08-08T14:08:54.171Z",
    "updatedAt": "2025-08-08T14:08:54.171Z"
  },
  "233537129557@s.whatsapp.net": {
    "fitur": {
      "antilink": false,
      "antilinkv2": false,
      "antilinkwa": false,
      "antilinkwav2": false,
      "badword": false,
      "antidelete": false,
      "antiedit": false,
      "antigame": false,
      "antifoto": false,
      "antivideo": false,
      "antiaudio": false,
      "antidocument": false,
      "antikontak": false,
      "antisticker": false,
      "antipolling": false,
      "antispamchat": false,
      "antivirtex": false,
      "antiviewonce": false,
      "autoai": false,
      "autosimi": false,
      "autorusuh": false,
      "welcome": false,
      "left": false,
      "promote": false,
      "demote": false,
      "onlyadmin": false,
      "mute": false,
      "detectblacklist": false,
      "waktusholat": false,
      "antibot": false,
      "antitagsw": false,
      "antitagsw2": false,
      "antitagmeta": false,
      "antitagmeta2": false
    },
    "userBlock": [],
    "createdAt": "2025-08-10T06:02:01.184Z",
    "updatedAt": "2025-08-10T06:02:01.184Z"
  },
  "93700505480@s.whatsapp.net": {
    "fitur": {
      "antilink": false,
      "antilinkv2": false,
      "antilinkwa": false,
      "antilinkwav2": false,
      "badword": false,
      "antidelete": false,
      "antiedit": false,
      "antigame": false,
      "antifoto": false,
      "antivideo": false,
      "antiaudio": false,
      "antidocument": false,
      "antikontak": false,
      "antisticker": false,
      "antipolling": false,
      "antispamchat": false,
      "antivirtex": false,
      "antiviewonce": false,
      "autoai": false,
      "autosimi": false,
      "autorusuh": false,
      "welcome": false,
      "left": false,
      "promote": false,
      "demote": false,
      "onlyadmin": false,
      "mute": false,
      "detectblacklist": false,
      "waktusholat": false,
      "antibot": false,
      "antitagsw": false,
      "antitagsw2": false,
      "antitagmeta": false,
      "antitagmeta2": false
    },
    "userBlock": [],
    "createdAt": "2025-08-10T09:38:58.059Z",
    "updatedAt": "2025-08-10T09:38:58.059Z"
  },
  "120363402371996673@newsletter": {
    "fitur": {
      "antilink": false,
      "antilinkv2": false,
      "antilinkwa": false,
      "antilinkwav2": false,
      "badword": false,
      "antidelete": false,
      "antiedit": false,
      "antigame": false,
      "antifoto": false,
      "antivideo": false,
      "antiaudio": false,
      "antidocument": false,
      "antikontak": false,
      "antisticker": false,
      "antipolling": false,
      "antispamchat": false,
      "antivirtex": false,
      "antiviewonce": false,
      "autoai": false,
      "autosimi": false,
      "autorusuh": false,
      "welcome": false,
      "left": false,
      "promote": false,
      "demote": false,
      "onlyadmin": false,
      "mute": false,
      "detectblacklist": false,
      "waktusholat": false,
      "antibot": false,
      "antitagsw": false,
      "antitagsw2": false,
      "antitagmeta": false,
      "antitagmeta2": false
    },
    "userBlock": [],
    "createdAt": "2025-08-10T12:25:51.294Z",
    "updatedAt": "2025-08-10T12:25:51.294Z"
  },
  "120363402371996673@s.whatsapp.net": {
    "fitur": {
      "antilink": false,
      "antilinkv2": false,
      "antilinkwa": false,
      "antilinkwav2": false,
      "badword": false,
      "antidelete": false,
      "antiedit": false,
      "antigame": false,
      "antifoto": false,
      "antivideo": false,
      "antiaudio": false,
      "antidocument": false,
      "antikontak": false,
      "antisticker": false,
      "antipolling": false,
      "antispamchat": false,
      "antivirtex": false,
      "antiviewonce": false,
      "autoai": false,
      "autosimi": false,
      "autorusuh": false,
      "welcome": false,
      "left": false,
      "promote": false,
      "demote": false,
      "onlyadmin": false,
      "mute": false,
      "detectblacklist": false,
      "waktusholat": false,
      "antibot": false,
      "antitagsw": false,
      "antitagsw2": false,
      "antitagmeta": false,
      "antitagmeta2": false
    },
    "userBlock": [],
    "createdAt": "2025-08-10T12:26:23.947Z",
    "updatedAt": "2025-08-10T12:26:23.947Z"
  },
  "919003791752@s.whatsapp.net": {
    "fitur": {
      "antilink": false,
      "antilinkv2": false,
      "antilinkwa": false,
      "antilinkwav2": false,
      "badword": false,
      "antidelete": false,
      "antiedit": false,
      "antigame": false,
      "antifoto": false,
      "antivideo": false,
      "antiaudio": false,
      "antidocument": false,
      "antikontak": false,
      "antisticker": false,
      "antipolling": false,
      "antispamchat": false,
      "antivirtex": false,
      "antiviewonce": false,
      "autoai": false,
      "autosimi": false,
      "autorusuh": false,
      "welcome": false,
      "left": false,
      "promote": false,
      "demote": false,
      "onlyadmin": false,
      "mute": false,
      "detectblacklist": false,
      "waktusholat": false,
      "antibot": false,
      "antitagsw": false,
      "antitagsw2": false,
      "antitagmeta": false,
      "antitagmeta2": false
    },
    "userBlock": [],
    "createdAt": "2025-08-10T12:26:38.821Z",
    "updatedAt": "2025-08-10T12:26:38.821Z"
  }
}